Team Name,Captain Full Name,Captain Email,Member 1 Full Name,Member 1 Email,Member 1 School and Program,Member 1 Year,Member 1 Skill Set,Member 1 Resume Link,Member 1 Portfolio or Case Study Link,Member 1 LinkedIn or GitHub,Member 2 Full Name,Member 2 Email,Member 2 School and Program,Member 2 Year,Member 2 Skill Set,Member 2 Resume Link,Member 2 Portfolio or Case Study Link,Member 2 LinkedIn or GitHub,Member 3 Full Name,Member 3 Email,Member 3 School and Program,Member 3 Year,Member 3 Skill Set,Member 3 Resume Link,Member 3 Portfolio or Case Study Link,Member 3 LinkedIn or GitHub,Member 4 Full Name,Member 4 Email,Member 4 School and Program,Member 4 Year,Member 4 Skill Set,Member 4 Resume Link,Member 4 Portfolio or Case Study Link,Member 4 LinkedIn or GitHub,Member 5 Full Name,Member 5 Email,Member 5 School and Program,Member 5 Year,Member 5 Skill Set,Member 5 Resume Link,Member 5 Portfolio or Case Study Link,Member 5 LinkedIn or GitHub,"Q1: Tell us about something you built that broke, and what you changed","Q2: What problem do you want to tackle with AI, and who does it help?",Q3: What role will each member play?,All 5 members can attend the full event,AI-assisted review consent
Apex Coders,Amara Chen,amara.chen@nyu.edu,Amara Chen,amara.chen@nyu.edu,"Courant, Computer Science",Undergrad Y2,Developer,https://pypi.org/project/flask/,https://pypi.org/project/django/,github.com/amara,Amara Wells,amara.wells@nyu.edu,"Stern, Business",Undergrad Y3,Developer,https://pypi.org/project/flask/,https://pypi.org/project/django/,,Amara Nair,amara.nair@nyu.edu,"Tisch, Media",Undergrad Y4,Product Lead,https://pypi.org/project/flask/,https://pypi.org/project/django/,github.com/amara,Amara Lee,amara.lee@nyu.edu,"CAS, Economics",Master's,Marketing/Pitch,https://pypi.org/project/flask/,https://pypi.org/project/django/,,Amara Ruiz,amara.ruiz@nyu.edu,"Stern, Marketing",Undergrad Y1,Hybrid,https://pypi.org/project/flask/,https://pypi.org/project/django/,github.com/amara,"Our team's campus-events bot kept double-booking rooms because it read calendar data before a sync finished. We added a debounce and a conflict check against a live lock table, then wrote regression tests that replay the exact race condition.",Commuter students miss free food and last-minute event changes because updates are scattered across five club Instagram accounts. We want an AI agent that reads those accounts and texts a single daily digest to opted-in students.,"Two of us build the ingestion and scoring pipeline, one runs user interviews and prioritization, one owns the pitch and demo narrative, one designs the digest UI.",Yes,Yes
Nimbus Labs,Amara Park,amara.park@nyu.edu,Amara Park,amara.park@nyu.edu,"CAS, Psychology",Undergrad Y2,Developer,https://pypi.org/project/flask/,https://pypi.org/project/django/,github.com/amara,Amara Shaw,amara.shaw@nyu.edu,"Tandon, Integrated Design",Undergrad Y3,Developer,https://pypi.org/project/flask/,https://pypi.org/project/django/,,Amara Kim,amara.kim@nyu.edu,"CAS, Math",Undergrad Y4,Product Lead,https://pypi.org/project/flask/,https://pypi.org/project/django/,github.com/amara,Amara Fox,amara.fox@nyu.edu,"Courant, Data Science",Master's,Marketing/Pitch,https://pypi.org/project/flask/,https://pypi.org/project/django/,,Amara Ito,amara.ito@nyu.edu,"Tandon, Computer Science",Undergrad Y1,Hybrid,https://pypi.org/project/flask/,https://pypi.org/project/django/,github.com/amara,"Our team's campus-events bot kept double-booking rooms because it read calendar data before a sync finished. We added a debounce and a conflict check against a live lock table, then wrote regression tests that replay the exact race condition.",Commuter students miss free food and last-minute event changes because updates are scattered across five club Instagram accounts. We want an AI agent that reads those accounts and texts a single daily digest to opted-in students.,"Two of us build the ingestion and scoring pipeline, one runs user interviews and prioritization, one owns the pitch and demo narrative, one designs the digest UI.",Yes,Yes
ByteForge,Amara Ortiz,amara.ortiz@nyu.edu,Amara Ortiz,amara.ortiz@nyu.edu,"Courant, Computer Science",Undergrad Y2,Developer,https://pypi.org/project/requests/,https://pypi.org/project/django/,github.com/amara,Amara Diaz,amara.diaz@nyu.edu,"Stern, Business",Undergrad Y3,Developer,https://pypi.org/project/requests/,https://pypi.org/project/django/,,Amara Patel,amara.patel@nyu.edu,"Tisch, Media",Undergrad Y4,Product Lead,https://pypi.org/project/requests/,https://pypi.org/project/django/,github.com/amara,Amara Singh,amara.singh@nyu.edu,"CAS, Economics",Master's,Marketing/Pitch,https://pypi.org/project/requests/,https://pypi.org/project/django/,,Amara Novak,amara.novak@nyu.edu,"Stern, Marketing",Undergrad Y1,Hybrid,https://pypi.org/project/requests/,https://pypi.org/project/django/,github.com/amara,"Our team's campus-events bot kept double-booking rooms because it read calendar data before a sync finished. We added a debounce and a conflict check against a live lock table, then wrote regression tests that replay the exact race condition.",Commuter students miss free food and last-minute event changes because updates are scattered across five club Instagram accounts. We want an AI agent that reads those accounts and texts a single daily digest to opted-in students.,"Two of us build the ingestion and scoring pipeline, one runs user interviews and prioritization, one owns the pitch and demo narrative, one designs the digest UI.",Yes,Yes
Horizon AI,Amara Reyes,amara.reyes@nyu.edu,Amara Reyes,amara.reyes@nyu.edu,"CAS, Psychology",Undergrad Y2,Developer,https://pypi.org/project/requests/,https://pypi.org/project/numpy/,github.com/amara,Amara Grant,amara.grant@nyu.edu,"Tandon, Integrated Design",Undergrad Y3,Developer,https://pypi.org/project/requests/,https://pypi.org/project/numpy/,,Amara Voss,amara.voss@nyu.edu,"CAS, Math",Undergrad Y4,Product Lead,https://pypi.org/project/requests/,https://pypi.org/project/numpy/,github.com/amara,Amara Marsh,amara.marsh@nyu.edu,"Courant, Data Science",Master's,Marketing/Pitch,https://pypi.org/project/requests/,https://pypi.org/project/numpy/,,Amara Doyle,amara.doyle@nyu.edu,"Tandon, Computer Science",Undergrad Y1,Hybrid,https://pypi.org/project/requests/,https://pypi.org/project/numpy/,github.com/amara,"We shipped a study-group matcher for a class project. It broke when two students joined the same group at once, so we added a simple lock and re-tested it manually.",International students struggle to find sublets near campus. We want a tool that cross-checks listings against a safety and commute-time filter.,"One person handles the backend, one the frontend, one does outreach to student groups, two split design and testing.",Yes,Yes
Pixel Foundry,Amara Hale,amara.hale@nyu.edu,Amara Hale,amara.hale@nyu.edu,"Courant, Computer Science",Undergrad Y2,Developer,https://pypi.org/project/requests/,https://pypi.org/project/numpy/,github.com/amara,Amara Lam,amara.lam@nyu.edu,"Stern, Business",Undergrad Y3,Developer,https://pypi.org/project/requests/,https://pypi.org/project/numpy/,,Amara Sano,amara.sano@nyu.edu,"Tisch, Media",Undergrad Y4,Product Lead,https://pypi.org/project/requests/,https://pypi.org/project/numpy/,github.com/amara,Amara Wren,amara.wren@nyu.edu,"CAS, Economics",Master's,Marketing/Pitch,https://pypi.org/project/requests/,https://pypi.org/project/numpy/,,Amara Cole,amara.cole@nyu.edu,"Stern, Marketing",Undergrad Y1,Hybrid,https://pypi.org/project/requests/,https://pypi.org/project/numpy/,github.com/amara,"We shipped a study-group matcher for a class project. It broke when two students joined the same group at once, so we added a simple lock and re-tested it manually.",International students struggle to find sublets near campus. We want a tool that cross-checks listings against a safety and commute-time filter.,"One person handles the backend, one the frontend, one does outreach to student groups, two split design and testing.",Yes,Yes
TrailBlazers,Amara Tran,amara.tran@nyu.edu,Amara Tran,amara.tran@nyu.edu,"CAS, Psychology",Undergrad Y2,Developer,https://pypi.org/project/click/,https://pypi.org/project/numpy/,github.com/amara,Amara Haas,amara.haas@nyu.edu,"Tandon, Integrated Design",Undergrad Y3,Developer,https://pypi.org/project/click/,https://pypi.org/project/numpy/,,Amara Cruz,amara.cruz@nyu.edu,"CAS, Math",Undergrad Y4,Product Lead,https://pypi.org/project/click/,https://pypi.org/project/numpy/,github.com/amara,Amara Vance,amara.vance@nyu.edu,"Courant, Data Science",Master's,Marketing/Pitch,https://pypi.org/project/click/,https://pypi.org/project/numpy/,,Amara Brant,amara.brant@nyu.edu,"Tandon, Computer Science",Undergrad Y1,Hybrid,https://pypi.org/project/click/,https://pypi.org/project/numpy/,github.com/amara,"We shipped a study-group matcher for a class project. It broke when two students joined the same group at once, so we added a simple lock and re-tested it manually.",International students struggle to find sublets near campus. We want a tool that cross-checks listings against a safety and commute-time filter.,"One person handles the backend, one the frontend, one does outreach to student groups, two split design and testing.",Yes,Yes
QuantumLeap,Devon Chen,devon.chen@nyu.edu,Devon Chen,devon.chen@nyu.edu,"Courant, Computer Science",Undergrad Y2,Developer,https://pypi.org/project/click/,https://pypi.org/project/six/,github.com/devon,Devon Wells,devon.wells@nyu.edu,"Stern, Business",Undergrad Y3,Developer,https://pypi.org/project/click/,https://pypi.org/project/six/,,Devon Nair,devon.nair@nyu.edu,"Tisch, Media",Undergrad Y4,Product Lead,https://pypi.org/project/click/,https://pypi.org/project/six/,github.com/devon,Devon Lee,devon.lee@nyu.edu,"CAS, Economics",Master's,Marketing/Pitch,https://pypi.org/project/click/,https://pypi.org/project/six/,,Devon Ruiz,devon.ruiz@nyu.edu,"Stern, Marketing",Undergrad Y1,Hybrid,https://pypi.org/project/click/,https://pypi.org/project/six/,github.com/devon,We built an app once and it had a bug. We fixed it by trying different things until it worked.,We want to use AI to help people with stuff. It could help students and also businesses.,Everyone will help with everything as a team.,Yes,Yes
EchoWorks,Devon Park,devon.park@nyu.edu,Devon Park,devon.park@nyu.edu,"CAS, Psychology",Undergrad Y2,Developer,https://pypi.org/project/click/,https://pypi.org/project/six/,github.com/devon,Devon Shaw,devon.shaw@nyu.edu,"Tandon, Integrated Design",Undergrad Y3,Developer,https://pypi.org/project/click/,https://pypi.org/project/six/,,Devon Kim,devon.kim@nyu.edu,"CAS, Math",Undergrad Y4,Product Lead,https://pypi.org/project/click/,https://pypi.org/project/six/,github.com/devon,Devon Fox,devon.fox@nyu.edu,"Courant, Data Science",Master's,Marketing/Pitch,https://pypi.org/project/click/,https://pypi.org/project/six/,,Devon Ito,devon.ito@nyu.edu,"Tandon, Computer Science",Undergrad Y1,Hybrid,https://pypi.org/project/click/,https://pypi.org/project/six/,github.com/devon,We built an app once and it had a bug. We fixed it by trying different things until it worked.,We want to use AI to help people with stuff. It could help students and also businesses.,Everyone will help with everything as a team.,Yes,Yes
FlagTeamAlpha,Devon Ortiz,devon.ortiz@nyu.edu,Devon Ortiz,devon.ortiz@nyu.edu,"Courant, Computer Science",Undergrad Y2,Developer,https://pypi.org/project/requests/,https://pypi.org/project/numpy/,github.com/devon,Devon Diaz,devon.diaz@gmail.com,"Stern, Business",Undergrad Y3,Developer,https://pypi.org/project/requests/,https://pypi.org/project/numpy/,,Devon Patel,devon.patel@nyu.edu,"Tisch, Media",Undergrad Y4,Product Lead,https://pypi.org/project/requests/,https://pypi.org/project/numpy/,github.com/devon,Devon Singh,devon.singh@nyu.edu,"CAS, Economics",Master's,Marketing/Pitch,https://pypi.org/project/requests/,https://pypi.org/project/numpy/,,Devon Novak,devon.novak@nyu.edu,"Stern, Marketing",Undergrad Y1,Hybrid,https://pypi.org/project/requests/,https://pypi.org/project/numpy/,github.com/devon,We built an app once and it had a bug. We fixed it by trying different things until it worked.,We want to use AI to help people with stuff. It could help students and also businesses.,Everyone will help with everything as a team.,Yes,Yes
FlagTeamBeta,Devon Reyes,devon.reyes@nyu.edu,Devon Reyes,devon.reyes@nyu.edu,"CAS, Psychology",Undergrad Y2,Developer,https://pypi.org/project/requests/,https://pypi.org/project/numpy/,github.com/devon,Devon Grant,devon.grant@nyu.edu,"Tandon, Integrated Design",Undergrad Y3,Developer,https://pypi.org/project/requests/,https://pypi.org/project/numpy/,,Devon Voss,,,Undergrad Y4,Product Lead,https://pypi.org/project/requests/,https://pypi.org/project/numpy/,github.com/devon,Devon Marsh,devon.marsh@nyu.edu,"Courant, Data Science",Master's,Marketing/Pitch,https://pypi.org/project/requests/,https://pypi.org/project/numpy/,,Devon Doyle,devon.doyle@nyu.edu,"Tandon, Computer Science",Undergrad Y1,Hybrid,https://pypi.org/project/requests/,https://pypi.org/project/numpy/,github.com/devon,We built an app once and it had a bug. We fixed it by trying different things until it worked.,We want to use AI to help people with stuff. It could help students and also businesses.,Everyone will help with everything as a team.,No,Yes
